Material,Density (g/cm^3),Young's Modulus (GPa),Poisson's Ratio Range,
Carbon Fiber Reinforced Polymer (CFRP),1.55,200,0.2,1550
Glass Fiber Reinforced Polymer (GFRP),1.9,43,0.21,1900
Kevlar-Reinforced Polymer,1.44,63,0.44,1440
Carbon-Carbon Composite,1.6,350,0.27,1600
Glass Fiber Reinforced Polyethylene (GFRP),1.9,40,0.36,1900
Aluminum Matrix Composite (Al-SiC),2.7,100,0.32,2700
E-Glass Fiber Reinforced Polymer,2.55,72,0.22,2550
Graphite Fiber Reinforced Polymer,1.74,228,0.18,1740
Epoxy Resin Matrix Composite,1.2,3.35,0.3,1200
Fiberglass Reinforced Epoxy,1.9,48,0.35,1900
Glass Fiber Reinforced Polyurethane (PU),1.23,45.9,0.33,1230
Boron Fiber Reinforced Polymer,2.34,400,0.13,2340
Basalt Fiber Reinforced Polymer,2.7,89,0.3,2700
Aramid Fiber Reinforced Polymer (AFRP),1.4,89,0.31,1400
Polypropylene Matrix Composite,0.9,5.3,0.46,900
High Modulus Polyethylene Fiber Composite,0.97,72,0.4,970
Glass Fiber Reinforced Polyamide (PA6),1.2,9,0.42,1200
Quartz Fiber Reinforced Polymer,2.2,87,0.28,2200
Ceramic Matrix Composite (SiC/SiC),3.1,300,0.2,3100
Metal Matrix Composite (Al/SiC),8.805,334.7,0.3,8805
Carbon Nanotube Reinforced Composite,1.3,530,0.28,1300
Carbon Fiber Reinforced Metal Matrix Composite,3.5,237,0.22,3500
Bamboo Fiber Reinforced Polymer,1,91.3,0.43,1000
Carbon-Glass Fiber Hybrid Composite,2.54,230,0.4,2540
Natural Fiber Reinforced Polymer,1.5,24,0.38,1500
Thermoplastic Matrix Composite,1.3,100,0.45,1300
Graphene-Reinforced Polymer Composite,1.8,260,0.35,1800
"Bio-Composite (e.g., Hemp Fiber)",1.5,64,0.15,1500
Flax Fiber Reinforced Polymer,1.46,60,0.49,1460
Continuous Fiber-Reinforced Thermoplastic,1.96,72,0.27,1960
Thermosetting Polymer Matrix Composite,1.3,12,0.35,1300
Metal-Ceramic Composite (Alumina/Aluminum),2.56,200,0.31,2560
Carbon Fiber Reinforced Wood Composite,0.35,6.5,0.49,350
Cellulose Nanofiber Reinforced Composite,1.4,140,0.38,1400
Aramid Fiber Reinforced Epoxy,1.26,100,0.37,1260
Natural Fiber Reinforced Cement Composite,1.44,20,0.2,1440
Carbon Fiber Reinforced Ceramic Matrix,2.3,10,0.28,2300
Glass Fiber Reinforced Nylon,1,22,0.41,1000
Carbon Fiber Reinforced Thermoplastic,1.5,90.7,0.48,1500
Glass Fiber Reinforced Polypropylene,2.2,55,0.18,2200
Continuous Fiber-Reinforced Metal Matrix,Variable,Variable,Variable,
Aluminum Carbon Fiber Reinforced Composite,Variable,Variable,Variable,
Carbon Nanotube Reinforced Metal Matrix Composite,Variable,Variable,Variable,
Silicon Carbide Fiber Reinforced Polymer,Variable,Variable,Variable,
Thermoplastic Matrix Carbon Fiber Composite,Variable,Variable,Variable,
Carbon Nanotube-Reinforced Epoxy,Variable,Variable,Variable,
Flax Fiber Reinforced Polypropylene,Variable,Variable,Variable,
Aramid Fiber Reinforced Thermoplastic,Variable,Variable,Variable,
Carbon Fiber Reinforced Polyethylene,Variable,Variable,Variable,
Natural Fiber Reinforced Polyurethane,Variable,Variable,Variable,
Continuous Fiber-Reinforced Thermosetting,Variable,Variable,Variable,
Carbon Fiber Reinforced Phenolic,Variable,Variable,Variable,
Basalt Fiber Reinforced Epoxy,Variable,Variable,Variable,
Hybrid Composite (Glass/Kevlar Fiber),Variable,Variable,Variable,
Carbon Fiber Reinforced PEEK,Variable,Variable,Variable,
Glass Fiber Reinforced PET,Variable,Variable,Variable,
Carbon Fiber Reinforced Polyvinyl Ester,Variable,Variable,Variable,
Bamboo Fiber Reinforced Polypropylene,Variable,Variable,Variable,
Continuous Fiber-Reinforced Polyurethane,Variable,Variable,Variable,
Aramid Fiber Reinforced Polyester,Variable,Variable,Variable,
Glass Fiber Reinforced Polycarbonate,Variable,Variable,Variable,
Carbon Fiber Reinforced Polyamide (Nylon),Variable,Variable,Variable,
Natural Fiber Reinforced PLA,Variable,Variable,Variable,
Continuous Fiber-Reinforced PMMA,Variable,Variable,Variable,
Aramid Fiber Reinforced Polyethylene,Variable,Variable,Variable,
Glass Fiber Reinforced ABS,Variable,Variable,Variable,
Carbon Fiber Reinforced Polybutylene Terephthalate (PBT),Variable,Variable,Variable,
Natural Fiber Reinforced HDPE,Variable,Variable,Variable,
Continuous Fiber-Reinforced PVC,Variable,Variable,Variable,
Aramid Fiber Reinforced Polyvinyl Chloride (PVC),Variable,Variable,Variable,
Glass Fiber Reinforced Polyoxymethylene (POM),Variable,Variable,Variable,
Carbon Fiber Reinforced Polypropylene (PP),Variable,Variable,Variable,
Natural Fiber Reinforced Polystyrene (PS),Variable,Variable,Variable,
Continuous Fiber-Reinforced Polycarbonate (PC),Variable,Variable,Variable,
Aramid Fiber Reinforced Polyetheretherketone (PEEK),Variable,Variable,Variable,
Glass Fiber Reinforced Polyetheretherketone (PEEK),Variable,Variable,Variable,
Carbon Fiber Reinforced Polyphenylene Sulfide (PPS),Variable,Variable,Variable,
Glass Fiber Reinforced Polyphenylene Sulfide (PPS),Variable,Variable,Variable,
Carbon Fiber Reinforced Polysulfone (PSU),Variable,Variable,Variable,
Glass Fiber Reinforced Polysulfone (PSU),Variable,Variable,Variable,
Carbon Fiber Reinforced Polyimide (PI),Variable,Variable,Variable,
Glass Fiber Reinforced Polyimide (PI),Variable,Variable,Variable,
Magnesium Matrix Composite,,Variable,Variable,
Carbon Fiber Reinforced Polyaryletherketone (PAEK),Variable,Variable,Variable,
Glass Fiber Reinforced Polyaryletherketone (PAEK),Variable,Variable,Variable,
Carbon Fiber Reinforced Polyetherketone (PEK),Variable,Variable,Variable,
Glass Fiber Reinforced Polyetherketone (PEK),Variable,Variable,Variable,
Carbon Fiber Reinforced Polyarylacetylene (PAR),Variable,Variable,Variable,
Aluminum Alloy Reinforced Polymer Matrix,Variable,Variable,Variable,
Glass Fiber Reinforced Polyarylacetylene (PAR),Variable,Variable,Variable,
Carbon Fiber Reinforced Polyarylcarbazole (PAC),Variable,Variable,Variable,
Glass Fiber Reinforced Polyarylcarbazole (PAC),Variable,Variable,Variable,
Carbon Fiber Reinforced Polyetheretherimide (PEEI),Variable,Variable,Variable,
Glass Fiber Reinforced Polyetheretherimide (PEEI),Variable,Variable,Variable,
Carbon Fiber Reinforced Polyethersulfone (PES),Variable,Variable,Variable,
Glass Fiber Reinforced Polyethersulfone (PES),Variable,Variable,Variable,
Carbon Fiber Reinforced Polybenzoxazine (PBO),Variable,Variable,Variable,
Glass Fiber Reinforced Polybenzoxazine (PBO),Variable,Variable,Variable,
Carbon Fiber Reinforced Polyphenylene Oxide (PPO),Variable,Variable,Variable,
Glass Fiber Reinforced Polyphenylene Oxide (PPO),Variable,Variable,Variable,
Carbon Fiber Reinforced Polystyrene (PS),Variable,Variable,Variable,
Glass Fiber Reinforced Polystyrene (PS),Variable,Variable,Variable,
Carbon Fiber Reinforced Polyvinylidene Fluoride (PVDF),Variable,Variable,Variable,
Glass Fiber Reinforced Polyvinylidene Fluoride (PVDF),Variable,Variable,Variable,
Carbon Fiber Reinforced Polypropylene (PP),Variable,Variable,Variable,
Glass Fiber Reinforced Polypropylene (PP),Variable,Variable,Variable,
Carbon Fiber Reinforced Polyethylene (PE),Variable,Variable,Variable,
Recycled Plastic Composite,Variable,Variable,Variable,
Glass Fiber Reinforced Polyethylene (PE),Variable,Variable,Variable,
Carbon Fiber Reinforced Polyvinyl Chloride (PVC),Variable,Variable,Variable,
Glass Fiber Reinforced Polyvinyl Chloride (PVC),Variable,Variable,Variable,
Carbon Fiber Reinforced Polyurethane (PU),Variable,Variable,Variable,
,,,,
,,,,
,,,,
,,,,
,,,,
,,,,
,,,,
,,,,
,,,,
,,,,
,,,,
,,,,
,,,,
,,,,
,,,,
,,,,
,,,,
,,,,
,,,,
,,,,
,,,,
,,,,
,,,,
,,,,
,,,,
,,,,
,,,,
,,,,
,,,,
,,,,
,,,,
,,,,
,,,,
,,,,
,,,,
,,,,
,,,,
,,,,
,,,,
,,,,
,,,,
,,,,
,,,,
,,,,
,,,,
,,,,
,,,,
,,,,
,,,,
,,,,
,,,,
,,,,
,,,,
,,,,
,,,,
,,,,
,,,,
,,,,
,,,,
,,,,
,,,,
,,,,
,,,,
,,,,
,,,,
,,,,
,,,,
,,,,
,,,,
,,,,
,,,,
,,,,
,,,,
,,,,
,,,,
,,,,
,,,,
,,,,
,,,,
,,,,
,,,,
,,,,
,,,,
,,,,
,,,,
,,,,
,,,,
,,,,
,,,,
,,,,
,,,,
,,,,
,,,,
,,,,
,,,,
,,,,
,,,,
,,,,
,,,,
,,,,
,,,,
,,,,
,,,,
,,,,
,,,,
,,,,
,,,,
,,,,
,,,,
,,,,
,,,,
,,,,
,,,,
,,,,
,,,,
,,,,
,,,,
,,,,
,,,,
,,,,
,,,,
,,,,
,,,,
,,,,
,,,,
,,,,
,,,,
,,,,
,,,,
,,,,
,,,,
,,,,
,,,,
,,,,
,,,,
,,,,
,,,,
,,,,
,,,,
,,,,
,,,,
,,,,
,,,,
,,,,
,,,,
,,,,
,,,,
,,,,
,,,,
,,,,
,,,,
,,,,
,,,,
,,,,
,,,,
,,,,
,,,,
,,,,
,,,,
,,,,
,,,,
,,,,
,,,,
,,,,
,,,,
,,,,
,,,,
,,,,
,,,,
,,,,
,,,,
,,,,
,,,,
,,,,
,,,,
,,,,
,,,,
,,,,
,,,,
,,,,
,,,,
,,,,
,,,,
,,,,
,,,,
,,,,
,,,,
,,,,
,,,,
,,,,
,,,,
,,,,
,,,,
,,,,
,,,,
,,,,
,,,,
,,,,
,,,,
,,,,
,,,,
,,,,
,,,,
,,,,
,,,,
,,,,
,,,,
,,,,
,,,,
,,,,
,,,,
,,,,
,,,,
,,,,
,,,,
,,,,
,,,,
,,,,
,,,,
,,,,
,,,,
,,,,
,,,,
,,,,
,,,,
,,,,
,,,,
,,,,
,,,,
,,,,
,,,,
,,,,
,,,,
,,,,
,,,,
,,,,
,,,,
,,,,
,,,,
,,,,
,,,,
,,,,
,,,,
,,,,
,,,,
,,,,
,,,,
,,,,
,,,,
,,,,
,,,,
,,,,
,,,,
,,,,
,,,,
,,,,
,,,,
,,,,
,,,,
,,,,
,,,,
,,,,
,,,,
,,,,
,,,,
,,,,
,,,,
,,,,
,,,,
,,,,
,,,,
,,,,
,,,,
,,,,
,,,,
,,,,
,,,,
,,,,
,,,,
,,,,
,,,,
,,,,
,,,,
,,,,
,,,,
,,,,
,,,,
,,,,
,,,,
,,,,
,,,,
,,,,
,,,,
,,,,
,,,,
,,,,
,,,,
,,,,
,,,,
,,,,
,,,,
,,,,
,,,,
,,,,
,,,,
,,,,
,,,,
,,,,
,,,,
,,,,
,,,,
,,,,
,,,,
,,,,
,,,,
,,,,
,,,,
,,,,
,,,,
,,,,
,,,,
,,,,
,,,,
,,,,
,,,,
,,,,
,,,,
,,,,
,,,,
,,,,
,,,,
,,,,
,,,,
,,,,
,,,,
,,,,
,,,,
,,,,
,,,,
,,,,
,,,,
,,,,
,,,,
,,,,
,,,,
,,,,
,,,,
,,,,
,,,,
,,,,
,,,,
,,,,
,,,,
,,,,
,,,,
,,,,
,,,,
,,,,
,,,,
,,,,
,,,,
,,,,
,,,,
,,,,
,,,,
,,,,
,,,,
,,,,
,,,,
,,,,
,,,,
,,,,
,,,,
,,,,
,,,,
,,,,
,,,,
,,,,
,,,,
,,,,
,,,,
,,,,
,,,,
,,,,
,,,,
,,,,
,,,,
,,,,
,,,,
,,,,
,,,,
,,,,
,,,,
,,,,
,,,,
,,,,
,,,,
,,,,
,,,,
,,,,
,,,,
,,,,
,,,,
,,,,
,,,,
,,,,
,,,,
,,,,
,,,,
,,,,
,,,,
,,,,
,,,,
,,,,
,,,,
,,,,
,,,,
,,,,
,,,,
,,,,
,,,,
,,,,
,,,,
,,,,
,,,,
,,,,
,,,,
,,,,
,,,,
,,,,
,,,,
,,,,
,,,,
,,,,
,,,,
,,,,
,,,,
,,,,
,,,,
,,,,
,,,,
,,,,
,,,,
,,,,
,,,,
,,,,
,,,,
,,,,
,,,,
,,,,
,,,,
,,,,
,,,,
,,,,
,,,,
,,,,
,,,,
,,,,
,,,,
,,,,
,,,,
,,,,
,,,,
,,,,
,,,,
,,,,
,,,,
,,,,
,,,,
,,,,
,,,,
,,,,
,,,,
,,,,
,,,,
,,,,
,,,,
,,,,
,,,,
,,,,
,,,,
,,,,
,,,,
,,,,
,,,,
,,,,
,,,,
,,,,
,,,,
,,,,
,,,,
,,,,
,,,,
,,,,
,,,,
,,,,
,,,,
,,,,
,,,,
,,,,
,,,,
,,,,
,,,,
,,,,
,,,,
,,,,
,,,,
,,,,
,,,,
,,,,
,,,,
,,,,
,,,,
,,,,
,,,,
,,,,
,,,,
,,,,
,,,,
,,,,
,,,,
,,,,
,,,,
,,,,
,,,,
,,,,
,,,,
,,,,
,,,,
,,,,
,,,,
,,,,
,,,,
,,,,
,,,,
,,,,
,,,,
,,,,
,,,,
,,,,
,,,,
,,,,
,,,,
,,,,
,,,,
,,,,
,,,,
,,,,
,,,,
,,,,
,,,,
,,,,
,,,,
,,,,
,,,,
,,,,
,,,,
,,,,
,,,,
,,,,
,,,,
,,,,
,,,,
,,,,
,,,,
,,,,
,,,,
,,,,
,,,,
,,,,
,,,,
,,,,
,,,,
,,,,
,,,,
,,,,
,,,,
,,,,
,,,,
,,,,
,,,,
,,,,
,,,,
,,,,
,,,,
,,,,
,,,,
,,,,
,,,,
,,,,
,,,,
,,,,
,,,,
,,,,
,,,,
,,,,
,,,,
,,,,
,,,,
,,,,
,,,,
,,,,
,,,,
,,,,
,,,,
,,,,
,,,,
,,,,
,,,,
,,,,
,,,,
,,,,
,,,,
,,,,
,,,,
,,,,
,,,,
,,,,
,,,,
,,,,
,,,,
,,,,
,,,,
,,,,
,,,,
,,,,
,,,,
,,,,
,,,,
,,,,
,,,,
,,,,
,,,,
,,,,
,,,,
,,,,
,,,,
,,,,
,,,,
,,,,
,,,,
,,,,
,,,,
,,,,
,,,,
,,,,
,,,,
,,,,
,,,,
,,,,
,,,,
,,,,
,,,,
,,,,
,,,,
,,,,
,,,,
,,,,
,,,,
,,,,
,,,,
,,,,
,,,,
,,,,
,,,,
,,,,
,,,,
,,,,
,,,,
,,,,
,,,,
,,,,
,,,,
,,,,
,,,,
,,,,
,,,,
,,,,
,,,,
,,,,
,,,,
,,,,
,,,,
,,,,
,,,,
,,,,
,,,,
,,,,
,,,,
,,,,
,,,,
,,,,
,,,,
,,,,
,,,,
,,,,
,,,,
,,,,
,,,,
,,,,
,,,,
,,,,
,,,,
,,,,
,,,,
,,,,
,,,,
,,,,
,,,,
,,,,
,,,,
,,,,
,,,,
,,,,
,,,,
,,,,
,,,,
,,,,
,,,,
,,,,
,,,,
,,,,
,,,,
,,,,
,,,,
,,,,
,,,,
,,,,
,,,,
,,,,
,,,,
,,,,
,,,,
,,,,
,,,,
,,,,
,,,,
,,,,
,,,,
,,,,
,,,,
,,,,
,,,,
,,,,
,,,,
,,,,
,,,,
,,,,
,,,,
,,,,
,,,,
,,,,
,,,,
,,,,
,,,,
,,,,
,,,,
,,,,
,,,,
,,,,
,,,,
,,,,
,,,,
,,,,
,,,,
,,,,
,,,,
,,,,
,,,,
,,,,
,,,,
,,,,
,,,,
,,,,
,,,,
,,,,
,,,,
,,,,
,,,,
,,,,
,,,,
,,,,
,,,,
,,,,
,,,,
,,,,
,,,,
,,,,
,,,,
,,,,
,,,,
,,,,
,,,,
,,,,
,,,,
,,,,
,,,,
,,,,
,,,,
,,,,
,,,,
,,,,
,,,,
,,,,
,,,,
,,,,
,,,,
,,,,
,,,,
,,,,
,,,,
,,,,
,,,,
,,,,
,,,,
,,,,
,,,,
,,,,
,,,,
,,,,
,,,,
,,,,
,,,,
,,,,
,,,,
,,,,
,,,,
,,,,
,,,,
,,,,
,,,,
,,,,
,,,,
,,,,
,,,,
,,,,
,,,,
,,,,
,,,,
,,,,
,,,,
,,,,
,,,,
,,,,
,,,,
,,,,
,,,,
,,,,
,,,,
,,,,
,,,,
,,,,
,,,,
,,,,
,,,,
,,,,
,,,,
,,,,
,,,,
,,,,
,,,,
,,,,
,,,,
,,,,
,,,,
,,,,
,,,,
,,,,
,,,,
,,,,
,,,,
,,,,
,,,,
,,,,
,,,,
,,,,
,,,,
,,,,
,,.......................................................................................................................................................................................................................................................................................................................................................................................................................................................................................................................................................................................................................................................................................................................,,