Material,Density (g/cm³),poissons ratio,youmgs modulous
Alumina (Al2O3),3.95,0.23,340
Zirconia (ZrO2),5.89,0.27,200
Silicon Carbide (SiC),3.21,0.2,450
Silicon Nitride (Si3N4),3.2,0.28,410.47
Boron Nitride (BN),2.1,0.21,100
Magnesia (MgO),3.58,0.35,270
Titanium Dioxide (TiO2),3.97,0.27,230
Ferrites (FeO•Fe2O3),5,0.35,140
Cordierite (2MgO•2Al2O3•5SiO2),2.53,0.25,125
Pyrolytic Boron Nitride (PBN),2.25,0.11,250
Lead Zirconate Titanate (PZT),7.5,0.32,93
Aluminum Nitride (AlN),3.26,0.25,320
Sialon (Si-Al-O-N),3.2,0.24,275
Yttria-Stabilized Zirconia (YSZ),5.8,0.3,234
Mullite (3Al2O3•2SiO2),2.88,0.26,220
Steatite (MgO•SiO2),2.9,0.3,111
Rutile (TiO2),3.97,0.27,230
Spinel (MgAl2O4),3.6,0.3,440
YAG (Y3Al5O12),4.56,0.3,300
Zirconium Oxide (ZrO2),6.1,0.31,240
Tungsten Carbide (WC),15.6,0.22,680
Silicon Dioxide (SiO2),2.2,0.17,70
Aluminum Titanate (Al2TiO5),3.4,0.25,20
Silicon Aluminum Oxynitride (Sialon),3.25,0.28,275
Aluminum Oxide-Nitride (AlON),3.3,0.27,334
Barium Titanate (BaTiO3),6.02,0.29,67
Hexagonal Boron Nitride (h-BN),2.29,0.14,150
Lithium Aluminate (LiAlO2),2.6,0.27,78
Calcium Zirconate (CaZrO3),5.7,0.35,228
Silicon Oxycarbide (SiOC),1.15,0.3,144.9
Aluminum Nitride-Molybdenum Disilicide (AlN-MoSi2),6.24,0.27,322
Silicon Nitride-Silicon Carbide (Si3N4-SiC),3.17,0.22,343
Calcium Phosphate (Ca3(PO4)2),3.14,0.24,27
Hydroxyapatite (Ca5(PO4)3OH),3.16,0.27,13
Cerium Oxide (CeO2),7.13,0.31,180
Lanthanum Gallate (LaGaO3),5.81,0.28,175
Calcium Aluminate (CaAl12O19),3.6,0.28,262.78
Lead Magnesium Niobate-Lead Titanate (PMN-PT),8.1,0.26,85
Boron Carbide (B4C),2.52,0.17,388
Lanthanum Aluminate (LaAlO3),6.52,0.26,181
Neodymium Titanate (Nd2Ti2O7),7.42,0.24,160
Erbium Oxide (Er2O3),8.64,0.23,33.95
Silicon Oxynitride (SiON),2.81,0.23,155
Aluminum Silicon Carbide (Al4SiC4),2.7,0.14,200
Lutetium Aluminum Garnet (LuAG),6.72,0.26,335
Yttrium Barium Copper Oxide (YBCO),6.3,0.28,133
Yttrium Iron Garnet (YIG),5.2,0.29,160
Magnesium Aluminum Spinel (MgAl2O4),3.6,0.25,260.5
Sodium Potassium Niobate (KNN),4.7,0.32,107
Silicon Carbide-Nitride (SiC-Si3N4),3.2,0.24,400
Strontium Titanate (SrTiO3),5.1,0.28,110
Barium Zirconate Titanate (BZT),6.5,0.32,100
Aluminum Nitride (AlN),3.26,0.23,302
Hafnium Carbide (HfC),12.2,0.18,575
Silicon Nitride-Aluminum Oxide (Si3N4-Al2O3),3.24,0.25,288
Zirconium Carbide (ZrC),6.73,0.19,406
Potassium Sodium Niobate (KNN),4.25,"0,36",104
Bismuth Ferrite (BiFeO3),8.22,0.49,135.5
Lanthanum Strontium Manganite (LSM),6.5,0.29,195
Yttrium Barium Copper Oxide (YBa2Cu3O7),6.3,0.28,133.3
Lanthanum Strontium Manganite (La(1-x)SrxMnO3),6.5,0.33,195
Yttrium Aluminum Garnet (YAG),4.56,0.3,277
Tantalum Carbide (TaC),14.3,0.24,620
Zirconium Diboride (ZrB2),6.09,0.15,450
Zirconium Nitride (ZrN),7.09,0.19,2500
Lead Zirconium Titanate (PZT),7.5,0.31,85
Hafnium Oxide (HfO2),9.68,0.29,263.16
Barium Zirconium Aluminate (BZA),6.13,0.24,248.6
Perovskite Oxide Ceramics,5.56,0.25,213.8
Magnesium Titanate (MgTiO3),3.6,0.28,13
Calcium Titanium Oxide (CTO),2.87,0.29,161
Lanthanum Strontium Cobaltite Ferrite (La(1-x)SrxCoO3),6.37,0.32,161
Aluminum Magnesium Boride (AlMgB14),2.66,0.14,440
Silicon Oxynitride (SiON),2.81,0.23,140.49
Yttrium Barium Copper Oxide (YBCO),7.84,0.31,35
Silicon Carbonitride (SiCN),2.69,0.25,321.7
Zirconium Phosphate (ZrP2O7),2.66,0.36,13.9
Potassium Lithium Tantalate (KLT),7.18,0.22,123
Zirconium Sulfide (ZrS2),3.31,0.21,18
Aluminum Silicate (Al2SiO5),3.4,0.26,310
zinc oxide,5.61,0.36,140
Cerium Zirconium Oxide (CeZrO4),6.61,0.19,545.12
Titanium Carbide (TiC),4.94,0.18,450
Yttrium Stabilized Zirconia (YSZ),5.8,0.3,215
Lanthanum Zirconate (LaZr2O7),6.05,0.27,201.5
Barium Magnesium Aluminate (BMA),Variable,Variable,Variable
Barium Titanate-based Ceramics,Variable,Variable,Variable
Bismuth Strontium Calcium Copper Oxide (BSCCO),Variable,Variable,Variable
Tungsten Titanium Carbide (WTiC),Variable,Variable,Variable
Yttrium Aluminum Perovskite (YAP),Variable,Variable,Variable
Silicon Carbide-Boron Nitride (SiC-BN),Variable,Variable,Variable
Zirconium Tungstate (ZrW2O8),Variable,Variable,Variable
Calcium Zirconium Titanate (CZT),Variable,Variable,Variable
Samarium Cobalt Oxide (SmCoO3),Variable,Variable,Variable
Silicon Nitride-Silicon Carbide Composite (Si3N4-SiC),Variable,Variable,Variable
Yttrium Iron Perovskite (YIP),Variable,Variable,Variable
Lanthanum Strontium Chromite (La(1-x)SrxCrO3),Variable,Variable,Variable
Calcium Lanthanum Aluminate (CLA),Variable,Variable,Variable
Potassium Tantalate Niobate (KTN),Variable,Variable,170
Calcium Copper Titanate (CCTO),4.7,Variable,Variable
LaAlO3-SrTiO3 (Lanthanum Strontium Titanate),Variable,Variable,Variable
Calcium Zirconium Titanate (CZT),Variable,Variable,Variable