Polymer,Density (g/cm^3),Young's Modulus (GPa),Poisson's Ratio Range,,,
Polyethylene (PE),0.92,1,0.4,920,,
Polypropylene (PP),0.9,1.38,0.42,900,,
Polyvinyl Chloride (PVC),1.4,2.8,0.4,1400,,
Polyethylene Terephthalate (PET),1.49,6,0.35,1490,,
Polyurethane (PU),1.74,0.1,0.49,1740,,
Polystyrene (PS),1.04,3.4,0.35,1040,,
Polyvinylidene Fluoride (PVDF),1.78,2.17,0.42,1780,,
Polycarbonate (PC),1.2,2.4,0.349,1200,,
Polyethylene Oxide (PEO),1.13,1,0.41,1130,,
Polybutadiene,0.92,3,0.45,920,,
Polyvinyl Acetate (PVA),1.19,4,0.382,1190,,
Polyacrylonitrile (PAN),1.18,3.2,0.4,1180,,
Polyoxymethylene (POM),1.41,4,0.44,1410,,
Polymethyl Methacrylate (PMMA),1.17,3.1,0.38,1170,,
Polyvinyl Butyral (PVB),1.07,2.8,0.45,1070,,
Polyimide (PI),1.3,2.7,0.34,1300,,
Polyphenylene Oxide (PPO),1.06,2.62,0.39,1060,,
Polyethylene Naphthalate (PEN),1.36,2.36,0.33,1360,,
Polybenzimidazole (PBI),1.3,5.9,0.35,1300,,
Polyaryletheretherketone (PAEK),1.3,3.85,0.377,1300,,
Polysulfone (PSU),1.25,2.7,0.41,1250,,
Polyetheretherketone (PEEK),1.3,4,0.4,1300,,
Polyvinyl Acetate (PVAc),1.19,2.6,0.34,1190,,
Polyetherimide (PEI),1.27,3.72,0.386,1270,,
Polyethylene Glycol (PEG),1.12,0.12,0.48,1120,,
Polyvinyl Fluoride (PVF),1.45,3,0.45,1450,,
Polyvinylidene Chloride (PVDC),1.67,1.18,0.43,1670,,
Polyethylene-tert-Butyl Acrylate (PE-tBA),Variable,Variable,Variable,,,
Polyacrylate (PA),Variable,Variable,Variable,,,
Polyvinyl Butyrate (PVB),Variable,Variable,Variable,,,
Polyvinyl Chloroacetate (PVCA),Variable,Variable,Variable,,,
Polyvinyl Hexanoate (PVH),Variable,Variable,Variable,,,
Polyvinyl Isobutyrate (PVIB),Variable,Variable,Variable,,,
Polyethylene-vinyl Acetate (PE/VA),Variable,Variable,Variable,,,
Polyvinyl Isoheptanoate (PVIH),Variable,Variable,Variable,,,
Polyvinyl Isobutyrate-co-Vinyl Acetate (PVIB/VA),Variable,Variable,Variable,,,
Polyvinyl Neodecanoate (PVND),Variable,Variable,Variable,,,
Polyvinyl Pivalate (PVPi),Variable,Variable,Variable,,,
Polyvinyl Propionate (PVP),Variable,Variable,Variable,,,
Polyvinyl Tert-pentanoate (PVTP),Variable,Variable,Variable,,,
Polyvinylidene Difluoride (PVDF),Variable,Variable,Variable,,,
Polyvinylidene Difluoride-co-Tetrafluoroethylene (PVDF/TFE),Variable,Variable,Variable,,,
Polyvinylidene Difluoride-co-Hexafluoropropylene (PVDF/HFP),Variable,Variable,Variable,,,
Polyvinylidene Difluoride-co-Trifluoroethylene (PVDF/TrFE),Variable,Variable,Variable,,,
Polyvinylidene Difluoride-co-Chlorotrifluoroethylene (PVDF/CTFE),Variable,Variable,Variable,,,
Polyvinylidene Difluoride-co-Chlorofluoroethylene (PVDF/CFE),Variable,Variable,Variable,,,-
Polyvinylidene Difluoride-co-Tetrafluoroethylene-co-Hexafluoropropylene (PVDF/TFE/HFP),Variable,Variable,Variable,,,
Polyvinylidene Difluoride-co-Tetrafluoroethylene-co-Trifluoroethylene (PVDF/TFE/TrFE),Variable,Variable,Variable,,,
Polyvinylidene Difluoride-co-Tetrafluoroethylene-co-Chlorotrifluoroethylene (PVDF/TFE/CTFE),Variable,Variable,Variable,,,
Polyvinylidene Difluoride-co-Tetrafluoroethylene-co-Chlorofluoroethylene (PVDF/TFE/CFE),Variable,Variable,Variable,,,
Polyvinylidene Difluoride-co-Trifluoroethylene-co-Hexafluoropropylene (PVDF/TrFE/HFP),Variable,Variable,Variable,,,
Polyvinylidene Difluoride-co-Trifluoroethylene-co-Chlorotrifluoroethylene (PVDF/TrFE/CTFE),Variable,Variable,Variable,,,
Polyvinylidene Difluoride-co-Trifluoroethylene-co-Chlorofluoroethylene (PVDF/TrFE/CFE),Variable,Variable,Variable,,,
Polyvinylidene Difluoride-co-Hexafluoropropylene-co-Chlorotrifluoroethylene (PVDF/HFP/CTFE),Variable,Variable,Variable,,,
Polyvinylidene Difluoride-co-Hexafluoropropylene-co-Chlorofluoroethylene (PVDF/HFP/CFE),Variable,Variable,Variable,,,
Polyvinylidene Difluoride-co-Chlorotrifluoroethylene-co-Chlorofluoroethylene (PVDF/CTFE/CFE),Variable,Variable,Variable,,,
Polyvinylidene Difluoride-co-Tetrafluoroethylene-co-Hexafluoropropylene-co-Chlorotrifluoroethylene (PVDF/TFE/HFP/CTFE),Variable,Variable,Variable,,,
Polyvinylidene Difluoride-co-Tetrafluoroethylene-co-Hexafluoropropylene-co-Chlorofluoroethylene (PVDF/TFE/HFP/CFE),Variable,Variable,Variable,,,
Polyvinylidene Difluoride-co-Tetrafluoroethylene-co-Trifluoroethylene-co-Hexafluoropropylene (PVDF/TFE/TrFE/HFP),Variable,Variable,Variable,,,
Polyvinylidene Difluoride-co-Trifluoroethylene-co-Hexafluoropropylene-co-Chlorotrifluoroethylene (PVDF/TrFE/HFP/CTFE),Variable,Variable,Variable,,,
Polyvinylidene Difluoride-co-Trifluoroethylene-co-Hexafluoropropylene-co-Chlorofluoroethylene (PVDF/TrFE/HFP/CFE),Variable,Variable,Variable,,,
Polyvinyl Butyrate (PVBt),Variable,Variable,Variable,,,
Polyvinyl Caprolactam (PVCL),Variable,Variable,Variable,,,
Polyvinyl Chloride-co-Acetate (PVCA),Variable,Variable,Variable,,,
Polyvinyl Chloride-co-Butyrate (PVCB),Variable,Variable,Variable,,,
Polyvinyl Chloride-co-Carbonate (PVCC),Variable,Variable,Variable,,,
Polyvinyl Chloride-co-Chlorotrifluoroethylene (PVCTFE),Variable,Variable,Variable,,,
Polyvinyl Chloride-co-Hexafluoropropylene (PVCHFP),Variable,Variable,Variable,,,
Polyvinyl Chloride-co-Isobutylene (PVCIB),Variable,Variable,Variable,,,
Polyvinyl Chloride-co-Methyl Acrylate (PVCMA),Variable,Variable,Variable,,,
Polyvinyl Chloride-co-Styrene (PVCS),Variable,Variable,Variable,,,
Polyvinyl Chloride-co-Trifluoroethylene (PVCTFE),Variable,Variable,Variable,,,
Polyvinyl Ether (PVE),Variable,Variable,Variable,,,
Polyvinyl Formal (PVF),Variable,Variable,Variable,,,
Polyvinyl Hexanoate (PVH),Variable,Variable,Variable,,,
Polyvinylidene Difluoride-co-Ethylene (PVDF/PE),Variable,Variable,Variable,,,
Polyvinylidene Difluoride-co-Propylene (PVDF/PP),Variable,Variable,Variable,,,
Polyvinylidene Difluoride-co-Styrene (PVDF/PS),Variable,Variable,Variable,,,
Polyvinylidene Difluoride-co-Vinyl Acetate (PVDF/VA),Variable,Variable,Variable,,,
Polyvinylidene Difluoride-co-Vinylidene Fluoride (PVDF/VDF),Variable,Variable,Variable,,,
Polyvinylidene Fluoride-co-Ethylene (PVDF/PE),Variable,Variable,Variable,,,
Polyvinylidene Fluoride-co-Propylene (PVDF/PP),Variable,Variable,Variable,,,
Polyvinylidene Fluoride-co-Styrene (PVDF/PS),Variable,Variable,Variable,,,
Polyvinylidene Fluoride-co-Vinyl Acetate (PVDF/VA),Variable,Variable,Variable,,,
Polyvinylidene Fluoride-co-Vinylidene Fluoride (PVDF/VDF),Variable,Variable,Variable,,,
Polyvinylpyrrolidone-co-Acrylic Acid (PVP/AA),Variable,Variable,Variable,,,
Polyvinylpyrrolidone-co-Methyl Methacrylate (PVP/MMA),Variable,Variable,Variable,,,
Polyvinylpyrrolidone-co-Styrene (PVP/PS),Variable,Variable,Variable,,,
Polyvinylpyrrolidone-co-Vinyl Acetate (PVP/VA),Variable,Variable,Variable,,,
Polyvinylpyrrolidone-co-Vinylidene Fluoride (PVP/VDF),Variable,Variable,Variable,,,
Polyvinylpyrrolidone-co-Vinyl Chloride (PVP/VC),Variable,Variable,Variable,,,
Polyvinylpyrrolidone-co-Vinyl Pyrrolidone (PVP/VP),Variable,Variable,Variable,,,
Polyvinylpyrrolidone-co-Vinyl Stearate (PVP/VS),Variable,Variable,Variable,,,
Polyvinylpyrrolidone-co-Vinyl Sulfonate (PVP/VSN),Variable,Variable,Variable,,,
Polyvinylpyrrolidone-co-Vinyl Toluene (PVP/VT),Variable,Variable,Variable,,,
Polyvinylpyrrolidone-co-Vinyl Trimethoxysilane (PVP/VTS),Variable,Variable,Variable,,,
Polyvinylpyrrolidone-co-Vinyl Valerate (PVP/VV),Variable,Variable,Variable,,,
Polyvinylpyrrolidone-vinyl acetate (PVP/VA),Variable,Variable,Variable,,,
Polystyrene-butadiene (PSB),Variable,Variable,Variable,,,
Polypropylene Glycol (PPG),Variable,Variable,Variable,,,
Polyoxyethylene (POE),Variable,Variable,Variable,,,
Polycarboxylate (PCE),Variable,Variable,Variable,,,
Polyvinylpyrrolidone-co-Vinyl Vinyl Ether (PVP/VVE),Variable,Variable,Variable,,,
Polyvinylpyrrolidone-co-Vinylidene Fluoride (PVP/VDF),Variable,Variable,Variable,,,